Player,Team,Position,GP,cps_goalie
Matt Murray,DAL,G,1,0.8733079814195053
Yaniv Perets,CAR,G,1,0.7130159603742433
Georgi Romanov,S.J,G,2,0.7672068441422608
Louis Domingue,NYR,G,1,0.7668170225665486
Yaroslav Askarov,NSH,G,2,0.732826797440773
Frederik Andersen,CAR,G,16,0.7492550114044785
Justus Annunen,COL,G,14,0.70554560022873
Laurent Brossoit,WPG,G,23,0.7183256758071269
Anthony Stolarz,FLA,G,27,0.6999452348520856
Magnus Hellberg,PIT,G,3,0.6528004971923826
Connor Hellebuyck,WPG,G,60,0.640602432021133
David Rittich,L.A,G,24,0.6833803956842155
Semyon Varlamov,NYI,G,28,0.6439792822161673
Michael Hutchinson,DET,G,1,0.6290261122311167
Chris Driedger,SEA,G,2,0.6546645451844637
Thatcher Demko,VAN,G,51,0.6376269896774814
Joey Daccord,SEA,G,50,0.6104643766071282
Jeremy Swayman,BOS,G,44,0.6243574730308232
Sergei Bobrovsky,FLA,G,58,0.6259283337080317
Linus Ullmark,BOS,G,41,0.6223419316617879
Malcolm Subban,CBJ,G,1,0.6571838009742532
Cam Talbot,L.A,G,54,0.6001928502854795
Jordan Binnington,STL,G,57,0.5679383024342434
Joel Hofer,STL,G,30,0.6290234181843152
Igor Shesterkin,NYR,G,55,0.5900008175043359
Jonathan Quick,NYR,G,27,0.6349360243115791
Charlie Lindgren,WSH,G,50,0.5894330101322075
Pyotr Kochetkov,CAR,G,42,0.6298549824021643
Ukko-Pekka Luukkonen,BUF,G,54,0.5816230138617428
Cayden Primeau,MTL,G,23,0.6060520334780185
Calvin Pickard,EDM,G,24,0.6445498785902598
Adin Hill,VGK,G,35,0.6077685730882708
Ilya Sorokin,NYI,G,56,0.5373232452023703
Carter Hart,PHI,G,26,0.6137370448058802
Daniil Tarasov,CBJ,G,24,0.596991090794608
Logan Thompson,VGK,G,46,0.5777991555595209
Kevin Lankinen,NSH,G,24,0.6191795245612753
Jet Greaves,CBJ,G,9,0.5998493919394902
Petr Mrazek,CHI,G,56,0.5283291986412936
Connor Ingram,ARI,G,50,0.5540933229243629
Joseph Woll,TOR,G,25,0.5975416133365379
Juuse Saros,NSH,G,64,0.5309466675802932
Jacob Markstrom,CGY,G,48,0.5476743058722747
Stuart Skinner,EDM,G,59,0.555589787078807
Jake Oettinger,DAL,G,54,0.5644023296648916
James Reimer,DET,G,25,0.5879055646998071
Alex Lyon,DET,G,44,0.5437911282036949
Tristan Jarry,PIT,G,51,0.5250731424298262
Sam Montembeault,MTL,G,41,0.5194398929665413
Martin Jones,TOR,G,22,0.6021279959120888
Alex Nedeljkovic,PIT,G,38,0.5533054563602643
Lukas Dostal,ANA,G,44,0.5182383844481355
Andrei Vasilevskiy,T.B,G,52,0.52193215531964
Devon Levi,BUF,G,23,0.5717414843526402
Scott Wedgewood,DAL,G,32,0.5746923704718777
Philipp Grubauer,SEA,G,36,0.5491486921819022
Mackenzie Blackwood,S.J,G,44,0.47771000944054276
Filip Gustavsson,MIN,G,45,0.5271106571556555
Kaapo Kahkonen,"N.J, S.J",G,37,0.49804832045864067
Elvis Merzlikins,CBJ,G,41,0.4837446644244119
Alexandar Georgiev,COL,G,63,0.4688889521762513
Jesper Wallstedt,MIN,G,3,0.5900226432718585
Marc-Andre Fleury,MIN,G,40,0.5264608354536339
Jake Allen,"MTL, N.J",G,34,0.4957581210085098
Karel Vejmelka,ARI,G,38,0.5066132628263721
Casey DeSmith,VAN,G,29,0.5512254688154664
Ivan Prosvetov,COL,G,11,0.5920855431419991
Akira Schmid,N.J,G,19,0.5722732865823098
Nico Daws,N.J,G,21,0.5649090513475014
Hunter Shepard,WSH,G,4,0.5805698607927869
Jiri Patera,VGK,G,6,0.5607307261274783
Dustin Wolf,CGY,G,17,0.5785005504039394
Matt Tomkins,T.B,G,6,0.5938376350302224
Ville Husso,DET,G,19,0.5467766379604527
Darcy Kuemper,WSH,G,33,0.5001618786797606
Anton Forsberg,OTT,G,30,0.532504163015348
Joonas Korpisalo,OTT,G,55,0.4284818288888661
Vitek Vanecek,N.J,G,32,0.5220277112492085
Jonas Johansson,T.B,G,26,0.5283397100416082
Ilya Samsonov,TOR,G,40,0.4983788125842832
Samuel Ersson,PHI,G,51,0.4797171408122462
Spencer Martin,"CAR, CBJ",G,19,0.5456879014755153
John Gibson,ANA,G,46,0.4278641354525085
Dan Vladar,CGY,G,20,0.5168150936818792
Arturs Silovs,VAN,G,4,0.6054937905693619
Arvid Soderblom,CHI,G,32,0.42043154823075657
Jack Campbell,EDM,G,5,0.4932588375189528
Eric Comrie,BUF,G,10,0.5215225659443444
Antti Raanta,CAR,G,24,0.5210232438370033
Pheonix Copley,L.A,G,8,0.5593215032279985
Devin Cooley,S.J,G,6,0.47834279744588426
Cal Petersen,PHI,G,5,0.5107179457421323
Mads Sogaard,OTT,G,6,0.5001345112571313
Magnus Chrona,S.J,G,9,0.445294482109914
Matt Villalta,ARI,G,2,0.449311046299147
Felix Sandstrom,PHI,G,5,0.4602973631242176
Ivan Fedotov,PHI,G,3,0.3789470185886589
Kenneth Appleby,NYI,G,1,0.3215369325167742
