Player,Position,CPS,Cap Hit
Nikita Kucherov,R,0.7772484937608359,9500000
Leon Draisaitl,C,0.6784387377071326,8500000
Mikko Rantanen,R,0.6896608010278614,9250000
Filip Forsberg,L,0.6834636974923537,8500000
Evan Bouchard,D,0.6332283553706493,3900000
Zach Hyman,L,0.6726554882521592,5500000
Vincent Trocheck,C,0.5755870560025282,5625000
Chris Kreider,L,0.5932264780452895,6500000
Noah Dobson,D,0.6335800023197953,4000000
Ryan O'Reilly,C,0.5417176223981763,4500000
Wyatt Johnston,C,0.5069840316201245,894167
Alexis Lafrenière,L,0.4750884730433241,2325000
JJ Peterka,R,0.4540554799600067,855833
Juraj Slafkovsky,L,0.41955174018471,950000
Brock Faber,D,0.5475447646243164,925000
Brayden McNabb,D,0.6230275881804443,2850000
Alexander Romanov,D,0.6137483922436467,2500000
Jeremy Lauzon,D,0.5607168438312792,2000000
Frederik Andersen,G,0.7492550114044785,3400000
David Rittich,G,0.6833803956842155,1000000
